id,nombre,apellidos,email,telefono
16,Sara,López,sara.lopez@example.com,1234567
17,Juan,Martínez,juan.martinez@example.com,9876543
18,Laura,Rodríguez,laura.rodriguez@example.com,4567890
19,Carlos,Gómez,carlos.gomez@example.com,2345678
20,Isabel,Hernández,isabel.hernandez@example.com,6781234
21,Andrés,Pérez,andres.perez@example.com,5905678
22,Elena,Sánchez,elena.sanchez@example.com,5456789
23,Pedro,Ramírez,pedro.ramirez@example.com,5592345
24,Ana,García,ana.garcia@example.com,5554534
25,Manuel,Torres,manuel.torres@example.com,5552678
26,Carmen,Díaz,carmen.diaz@example.com,5556678
27,Luis,Fernández,luis.fernandez@example.com,5571234
28,María,Soto,maria.soto@example.com,5555678
29,Jorge,Ortega,jorge.ortega@example.com,5672345
30,Silvia,Jiménez,silvia.jimenez@example.com,5451234
